day,events,baseline_avg,variance_pct,flag
2020-01-01,30,29.0,3.5,
2020-01-02,24,29.0,-17.2,
2020-01-03,31,29.0,6.9,
2020-01-04,24,29.0,-17.2,
2020-01-05,24,29.0,-17.2,
2020-01-06,33,29.0,13.9,
2020-01-07,18,29.0,-37.9,
2020-01-08,28,29.0,-3.4,
2020-01-09,17,29.0,-41.3,
2020-01-10,26,29.0,-10.3,
2020-01-11,32,29.0,10.4,
2020-01-12,30,29.0,3.5,
2020-01-13,30,29.0,3.5,
2020-01-14,23,29.0,-20.7,
2020-01-15,21,29.0,-27.6,
2020-01-16,26,29.0,-10.3,
2020-01-17,27,29.0,-6.8,
2020-01-18,30,29.0,3.5,
2020-01-19,26,29.0,-10.3,
2020-01-20,29,29.0,0.0,
2020-01-21,29,29.0,0.0,
2020-01-22,23,29.0,-20.7,
2020-01-23,36,29.0,24.2,
2020-01-24,21,29.0,-27.6,
2020-01-25,27,29.0,-6.8,
2020-01-26,26,29.0,-10.3,
2020-01-27,22,29.0,-24.1,
2020-01-28,25,29.0,-13.8,
2020-01-29,22,29.0,-24.1,
2020-01-30,23,29.0,-20.7,
2020-01-31,28,29.0,-3.4,
2020-02-01,31,29.0,6.9,
2020-02-02,32,29.0,10.4,
2020-02-03,30,29.0,3.5,
2020-02-04,24,29.0,-17.2,
2020-02-05,31,29.0,6.9,
2020-02-06,34,29.0,17.3,
2020-02-07,20,29.0,-31.0,
2020-02-08,23,29.0,-20.7,
2020-02-09,31,29.0,6.9,
2020-02-10,28,29.0,-3.4,
2020-02-11,18,29.0,-37.9,
2020-02-12,29,29.0,0.0,
2020-02-13,28,29.0,-3.4,
2020-02-14,30,29.0,3.5,
2020-02-15,24,29.0,-17.2,
2020-02-16,30,29.0,3.5,
2020-02-17,31,29.0,6.9,
2020-02-18,35,29.0,20.8,
2020-02-19,41,29.0,41.4,
2020-02-20,23,29.0,-20.7,
2020-02-21,22,29.0,-24.1,
2020-02-22,41,29.0,41.4,
2020-02-23,22,29.0,-24.1,
2020-02-24,25,29.0,-13.8,
2020-02-25,37,29.0,27.6,
2020-02-26,32,29.0,10.4,
2020-02-27,21,29.0,-27.6,
2020-02-28,24,29.0,-17.2,
2020-02-29,31,29.0,6.9,
2020-03-01,26,29.0,-10.3,
2020-03-02,32,29.0,10.4,
2020-03-03,35,29.0,20.8,
2020-03-04,38,29.0,31.1,
2020-03-05,25,29.0,-13.8,
2020-03-06,29,29.0,0.0,
2020-03-07,28,29.0,-3.4,
2020-03-08,31,29.0,6.9,
2020-03-09,40,29.0,38.0,
2020-03-10,31,29.0,6.9,
2020-03-11,33,29.0,13.9,
2020-03-12,32,29.0,10.4,
2020-03-13,32,29.0,10.4,
2020-03-14,20,29.0,-31.0,
2020-03-15,34,29.0,17.3,
2020-03-16,27,29.0,-6.8,
2020-03-17,25,29.0,-13.8,
2020-03-18,24,29.0,-17.2,
2020-03-19,35,29.0,20.8,
2020-03-20,32,29.0,10.4,
2020-03-21,24,29.0,-17.2,
2020-03-22,22,29.0,-24.1,
2020-03-23,22,29.0,-24.1,
2020-03-24,27,29.0,-6.8,
2020-03-25,30,29.0,3.5,
2020-03-26,26,29.0,-10.3,
2020-03-27,29,29.0,0.0,
2020-03-28,29,29.0,0.0,
2020-03-29,27,29.0,-6.8,
2020-03-30,27,29.0,-6.8,
2020-03-31,29,29.0,0.0,
2020-04-01,23,29.0,-20.7,
2020-04-02,25,29.0,-13.8,
2020-04-03,32,29.0,10.4,
2020-04-04,34,29.0,17.3,
2020-04-05,25,29.0,-13.8,
2020-04-06,34,29.0,17.3,
2020-04-07,23,29.0,-20.7,
2020-04-08,25,29.0,-13.8,
2020-04-09,19,29.0,-34.4,
2020-04-10,36,29.0,24.2,
2020-04-11,31,29.0,6.9,
2020-04-12,29,29.0,0.0,
2020-04-13,40,29.0,38.0,
2020-04-14,29,29.0,0.0,
2020-04-15,17,29.0,-41.3,
2020-04-16,29,29.0,0.0,
2020-04-17,22,29.0,-24.1,
2020-04-18,24,29.0,-17.2,
2020-04-19,27,29.0,-6.8,
2020-04-20,22,29.0,-24.1,
2020-04-21,40,29.0,38.0,
2020-04-22,25,29.0,-13.8,
2020-04-23,28,29.0,-3.4,
2020-04-24,27,29.0,-6.8,
2020-04-25,23,29.0,-20.7,
2020-04-26,27,29.0,-6.8,
2020-04-27,28,29.0,-3.4,
2020-04-28,30,29.0,3.5,
2020-04-29,17,29.0,-41.3,
2020-04-30,32,29.0,10.4,
2020-05-01,30,29.0,3.5,
2020-05-02,26,29.0,-10.3,
2020-05-03,34,29.0,17.3,
2020-05-04,28,29.0,-3.4,
2020-05-05,27,29.0,-6.8,
2020-05-06,34,29.0,17.3,
2020-05-07,30,29.0,3.5,
2020-05-08,29,29.0,0.0,
2020-05-09,36,29.0,24.2,
2020-05-10,30,29.0,3.5,
2020-05-11,27,29.0,-6.8,
2020-05-12,35,29.0,20.8,
2020-05-13,34,29.0,17.3,
2020-05-14,28,29.0,-3.4,
2020-05-15,29,29.0,0.0,
2020-05-16,26,29.0,-10.3,
2020-05-17,29,29.0,0.0,
2020-05-18,18,29.0,-37.9,
2020-05-19,25,29.0,-13.8,
2020-05-20,35,29.0,20.8,
2020-05-21,26,29.0,-10.3,
2020-05-22,35,29.0,20.8,
2020-05-23,30,29.0,3.5,
2020-05-24,30,29.0,3.5,
2020-05-25,33,29.0,13.9,
2020-05-26,28,29.0,-3.4,
2020-05-27,28,29.0,-3.4,
2020-05-28,25,29.0,-13.8,
2020-05-29,25,29.0,-13.8,
2020-05-30,26,29.0,-10.3,
2020-05-31,25,29.0,-13.8,
2020-06-01,29,29.0,0.0,
2020-06-02,34,29.0,17.3,
2020-06-03,23,29.0,-20.7,
2020-06-04,28,29.0,-3.4,
2020-06-05,30,29.0,3.5,
2020-06-06,23,29.0,-20.7,
2020-06-07,26,29.0,-10.3,
2020-06-08,164,29.0,465.8,CRITICAL SPIKE
2020-06-09,40,29.0,38.0,
2020-06-10,25,29.0,-13.8,
2020-06-11,36,29.0,24.2,
2020-06-12,28,29.0,-3.4,
2020-06-13,26,29.0,-10.3,
2020-06-14,43,29.0,48.4,
2020-06-15,34,29.0,17.3,
2020-06-16,28,29.0,-3.4,
2020-06-17,25,29.0,-13.8,
2020-06-18,26,29.0,-10.3,
2020-06-19,31,29.0,6.9,
2020-06-20,30,29.0,3.5,
2020-06-21,25,29.0,-13.8,
2020-06-22,27,29.0,-6.8,
2020-06-23,23,29.0,-20.7,
2020-06-24,33,29.0,13.9,
2020-06-25,32,29.0,10.4,
2020-06-26,24,29.0,-17.2,
2020-06-27,33,29.0,13.9,
2020-06-28,28,29.0,-3.4,
2020-06-29,29,29.0,0.0,
2020-06-30,32,29.0,10.4,
2020-07-01,24,29.0,-17.2,
2020-07-02,33,29.0,13.9,
2020-07-03,28,29.0,-3.4,
2020-07-04,26,29.0,-10.3,
2020-07-05,32,29.0,10.4,
2020-07-06,33,29.0,13.9,
2020-07-07,28,29.0,-3.4,
2020-07-08,28,29.0,-3.4,
2020-07-09,38,29.0,31.1,
2020-07-10,18,29.0,-37.9,
2020-07-11,21,29.0,-27.6,
2020-07-12,26,29.0,-10.3,
2020-07-13,29,29.0,0.0,
2020-07-14,25,29.0,-13.8,
2020-07-15,26,29.0,-10.3,
2020-07-16,27,29.0,-6.8,
2020-07-17,31,29.0,6.9,
2020-07-18,20,29.0,-31.0,
2020-07-19,21,29.0,-27.6,
2020-07-20,29,29.0,0.0,
2020-07-21,27,29.0,-6.8,
2020-07-22,23,29.0,-20.7,
2020-07-23,32,29.0,10.4,
2020-07-24,35,29.0,20.8,
2020-07-25,41,29.0,41.4,
2020-07-26,34,29.0,17.3,
2020-07-27,26,29.0,-10.3,
2020-07-28,30,29.0,3.5,
2020-07-29,27,29.0,-6.8,
2020-07-30,34,29.0,17.3,
2020-07-31,25,29.0,-13.8,
2020-08-01,33,29.0,13.9,
2020-08-02,32,29.0,10.4,
2020-08-03,24,29.0,-17.2,
2020-08-04,31,29.0,6.9,
2020-08-05,33,29.0,13.9,
2020-08-06,19,29.0,-34.4,
2020-08-07,26,29.0,-10.3,
2020-08-08,25,29.0,-13.8,
2020-08-09,31,29.0,6.9,
2020-08-10,33,29.0,13.9,
2020-08-11,32,29.0,10.4,
2020-08-12,16,29.0,-44.8,
2020-08-13,29,29.0,0.0,
2020-08-14,21,29.0,-27.6,
2020-08-15,34,29.0,17.3,
2020-08-16,35,29.0,20.8,
2020-08-17,25,29.0,-13.8,
2020-08-18,21,29.0,-27.6,
2020-08-19,30,29.0,3.5,
2020-08-20,31,29.0,6.9,
2020-08-21,23,29.0,-20.7,
2020-08-22,28,29.0,-3.4,
2020-08-23,34,29.0,17.3,
2020-08-24,27,29.0,-6.8,
2020-08-25,25,29.0,-13.8,
2020-08-26,33,29.0,13.9,
2020-08-27,32,29.0,10.4,
2020-08-28,44,29.0,51.8,
2020-08-29,29,29.0,0.0,
2020-08-30,36,29.0,24.2,
2020-08-31,29,29.0,0.0,
2020-09-01,29,29.0,0.0,
2020-09-02,27,29.0,-6.8,
2020-09-03,23,29.0,-20.7,
2020-09-04,25,29.0,-13.8,
2020-09-05,22,29.0,-24.1,
2020-09-06,29,29.0,0.0,
2020-09-07,37,29.0,27.6,
2020-09-08,33,29.0,13.9,
2020-09-09,30,29.0,3.5,
2020-09-10,24,29.0,-17.2,
2020-09-11,31,29.0,6.9,
2020-09-12,15,29.0,-48.3,
2020-09-13,32,29.0,10.4,
2020-09-14,30,29.0,3.5,
2020-09-15,23,29.0,-20.7,
2020-09-16,24,29.0,-17.2,
2020-09-17,31,29.0,6.9,
2020-09-18,35,29.0,20.8,
2020-09-19,35,29.0,20.8,
2020-09-20,34,29.0,17.3,
2020-09-21,41,29.0,41.4,
2020-09-22,30,29.0,3.5,
2020-09-23,21,29.0,-27.6,
2020-09-24,26,29.0,-10.3,
2020-09-25,30,29.0,3.5,
2020-09-26,29,29.0,0.0,
2020-09-27,38,29.0,31.1,
2020-09-28,30,29.0,3.5,
2020-09-29,34,29.0,17.3,
2020-09-30,25,29.0,-13.8,
2020-10-01,33,29.0,13.9,
2020-10-02,30,29.0,3.5,
2020-10-03,33,29.0,13.9,
2020-10-04,36,29.0,24.2,
2020-10-05,37,29.0,27.6,
2020-10-06,28,29.0,-3.4,
2020-10-07,21,29.0,-27.6,
2020-10-08,31,29.0,6.9,
2020-10-09,26,29.0,-10.3,
2020-10-10,26,29.0,-10.3,
2020-10-11,27,29.0,-6.8,
2020-10-12,23,29.0,-20.7,
2020-10-13,27,29.0,-6.8,
2020-10-14,39,29.0,34.5,
2020-10-15,31,29.0,6.9,
2020-10-16,30,29.0,3.5,
2020-10-17,30,29.0,3.5,
2020-10-18,32,29.0,10.4,
2020-10-19,32,29.0,10.4,
2020-10-20,30,29.0,3.5,
2020-10-21,37,29.0,27.6,
2020-10-22,31,29.0,6.9,
2020-10-23,24,29.0,-17.2,
2020-10-24,28,29.0,-3.4,
2020-10-25,16,29.0,-44.8,
2020-10-26,30,29.0,3.5,
2020-10-27,29,29.0,0.0,
2020-10-28,25,29.0,-13.8,
2020-10-29,24,29.0,-17.2,
2020-10-30,34,29.0,17.3,
2020-10-31,23,29.0,-20.7,
2020-11-01,36,29.0,24.2,
2020-11-02,27,29.0,-6.8,
2020-11-03,27,29.0,-6.8,
2020-11-04,35,29.0,20.8,
2020-11-05,27,29.0,-6.8,
2020-11-06,37,29.0,27.6,
2020-11-07,30,29.0,3.5,
2020-11-08,27,29.0,-6.8,
2020-11-09,31,29.0,6.9,
2020-11-10,26,29.0,-10.3,
2020-11-11,33,29.0,13.9,
2020-11-12,32,29.0,10.4,
2020-11-13,26,29.0,-10.3,
2020-11-14,33,29.0,13.9,
2020-11-15,39,29.0,34.5,
2020-11-16,29,29.0,0.0,
2020-11-17,34,29.0,17.3,
2020-11-18,22,29.0,-24.1,
2020-11-19,35,29.0,20.8,
2020-11-20,31,29.0,6.9,
2020-11-21,23,29.0,-20.7,
2020-11-22,25,29.0,-13.8,
2020-11-23,34,29.0,17.3,
2020-11-24,22,29.0,-24.1,
2020-11-25,35,29.0,20.8,
2020-11-26,38,29.0,31.1,
2020-11-27,31,29.0,6.9,
2020-11-28,26,29.0,-10.3,
2020-11-29,35,29.0,20.8,
2020-11-30,26,29.0,-10.3,
2020-12-01,35,29.0,20.8,
2020-12-02,29,29.0,0.0,
2020-12-03,27,29.0,-6.8,
2020-12-04,29,29.0,0.0,
2020-12-05,29,29.0,0.0,
2020-12-06,28,29.0,-3.4,
2020-12-07,24,29.0,-17.2,
2020-12-08,35,29.0,20.8,
2020-12-09,30,29.0,3.5,
2020-12-10,40,29.0,38.0,
2020-12-11,21,29.0,-27.6,
2020-12-12,31,29.0,6.9,
2020-12-13,26,29.0,-10.3,
2020-12-14,33,29.0,13.9,
2020-12-15,16,29.0,-44.8,
2020-12-16,33,29.0,13.9,
2020-12-17,29,29.0,0.0,
2020-12-18,27,29.0,-6.8,
2020-12-19,35,29.0,20.8,
2020-12-20,33,29.0,13.9,
2020-12-21,36,29.0,24.2,
2020-12-22,32,29.0,10.4,
2020-12-23,26,29.0,-10.3,
2020-12-24,28,29.0,-3.4,
2020-12-25,24,29.0,-17.2,
2020-12-26,28,29.0,-3.4,
2020-12-27,27,29.0,-6.8,
2020-12-28,31,29.0,6.9,
2020-12-29,34,29.0,17.3,
2020-12-30,28,29.0,-3.4,
2020-12-31,37,29.0,27.6,
2021-01-01,25,29.0,-13.8,
2021-01-02,30,29.0,3.5,
2021-01-03,25,29.0,-13.8,
2021-01-04,29,29.0,0.0,
2021-01-05,34,29.0,17.3,
2021-01-06,35,29.0,20.8,
2021-01-07,26,29.0,-10.3,
2021-01-08,31,29.0,6.9,
2021-01-09,25,29.0,-13.8,
2021-01-10,27,29.0,-6.8,
2021-01-11,26,29.0,-10.3,
2021-01-12,29,29.0,0.0,
2021-01-13,21,29.0,-27.6,
2021-01-14,34,29.0,17.3,
2021-01-15,32,29.0,10.4,
2021-01-16,23,29.0,-20.7,
2021-01-17,27,29.0,-6.8,
2021-01-18,31,29.0,6.9,
2021-01-19,23,29.0,-20.7,
2021-01-20,18,29.0,-37.9,
2021-01-21,35,29.0,20.8,
2021-01-22,24,29.0,-17.2,
2021-01-23,28,29.0,-3.4,
2021-01-24,21,29.0,-27.6,
2021-01-25,30,29.0,3.5,
2021-01-26,37,29.0,27.6,
2021-01-27,34,29.0,17.3,
2021-01-28,20,29.0,-31.0,
2021-01-29,25,29.0,-13.8,
2021-01-30,24,29.0,-17.2,
2021-01-31,26,29.0,-10.3,
2021-02-01,35,29.0,20.8,
2021-02-02,25,29.0,-13.8,
2021-02-03,19,29.0,-34.4,
2021-02-04,22,29.0,-24.1,
2021-02-05,20,29.0,-31.0,
2021-02-06,25,29.0,-13.8,
2021-02-07,27,29.0,-6.8,
2021-02-08,24,29.0,-17.2,
2021-02-09,37,29.0,27.6,
2021-02-10,18,29.0,-37.9,
2021-02-11,26,29.0,-10.3,
2021-02-12,33,29.0,13.9,
2021-02-13,28,29.0,-3.4,
2021-02-14,30,29.0,3.5,
2021-02-15,27,29.0,-6.8,
2021-02-16,33,29.0,13.9,
2021-02-17,30,29.0,3.5,
2021-02-18,19,29.0,-34.4,
2021-02-19,40,29.0,38.0,
2021-02-20,39,29.0,34.5,
2021-02-21,40,29.0,38.0,
2021-02-22,32,29.0,10.4,
2021-02-23,26,29.0,-10.3,
2021-02-24,23,29.0,-20.7,
2021-02-25,23,29.0,-20.7,
2021-02-26,24,29.0,-17.2,
2021-02-27,26,29.0,-10.3,
2021-02-28,36,29.0,24.2,
2021-03-01,27,29.0,-6.8,
2021-03-02,26,29.0,-10.3,
2021-03-03,17,29.0,-41.3,
2021-03-04,25,29.0,-13.8,
2021-03-05,39,29.0,34.5,
2021-03-06,37,29.0,27.6,
2021-03-07,28,29.0,-3.4,
2021-03-08,32,29.0,10.4,
2021-03-09,40,29.0,38.0,
2021-03-10,25,29.0,-13.8,
2021-03-11,23,29.0,-20.7,
2021-03-12,24,29.0,-17.2,
2021-03-13,21,29.0,-27.6,
2021-03-14,33,29.0,13.9,
2021-03-15,32,29.0,10.4,
2021-03-16,23,29.0,-20.7,
2021-03-17,20,29.0,-31.0,
2021-03-18,37,29.0,27.6,
2021-03-19,29,29.0,0.0,
2021-03-20,24,29.0,-17.2,
2021-03-21,32,29.0,10.4,
2021-03-22,25,29.0,-13.8,
2021-03-23,25,29.0,-13.8,
2021-03-24,29,29.0,0.0,
2021-03-25,30,29.0,3.5,
2021-03-26,36,29.0,24.2,
2021-03-27,37,29.0,27.6,
2021-03-28,32,29.0,10.4,
2021-03-29,28,29.0,-3.4,
2021-03-30,31,29.0,6.9,
2021-03-31,31,29.0,6.9,
2021-04-01,25,29.0,-13.8,
2021-04-02,33,29.0,13.9,
2021-04-03,23,29.0,-20.7,
2021-04-04,35,29.0,20.8,
2021-04-05,31,29.0,6.9,
2021-04-06,24,29.0,-17.2,
2021-04-07,15,29.0,-48.3,
2021-04-08,25,29.0,-13.8,
2021-04-09,23,29.0,-20.7,
2021-04-10,33,29.0,13.9,
2021-04-11,23,29.0,-20.7,
2021-04-12,41,29.0,41.4,
2021-04-13,34,29.0,17.3,
2021-04-14,28,29.0,-3.4,
2021-04-15,33,29.0,13.9,
2021-04-16,28,29.0,-3.4,
2021-04-17,33,29.0,13.9,
2021-04-18,27,29.0,-6.8,
2021-04-19,32,29.0,10.4,
2021-04-20,24,29.0,-17.2,
2021-04-21,35,29.0,20.8,
2021-04-22,26,29.0,-10.3,
2021-04-23,28,29.0,-3.4,
2021-04-24,26,29.0,-10.3,
2021-04-25,33,29.0,13.9,
2021-04-26,29,29.0,0.0,
2021-04-27,34,29.0,17.3,
2021-04-28,34,29.0,17.3,
2021-04-29,22,29.0,-24.1,
2021-04-30,27,29.0,-6.8,
2021-05-01,30,29.0,3.5,
2021-05-02,30,29.0,3.5,
2021-05-03,20,29.0,-31.0,
2021-05-04,27,29.0,-6.8,
2021-05-05,30,29.0,3.5,
2021-05-06,19,29.0,-34.4,
2021-05-07,26,29.0,-10.3,
2021-05-08,32,29.0,10.4,
2021-05-09,25,29.0,-13.8,
2021-05-10,25,29.0,-13.8,
2021-05-11,27,29.0,-6.8,
2021-05-12,38,29.0,31.1,
2021-05-13,26,29.0,-10.3,
2021-05-14,29,29.0,0.0,
2021-05-15,26,29.0,-10.3,
2021-05-16,38,29.0,31.1,
2021-05-17,24,29.0,-17.2,
2021-05-18,24,29.0,-17.2,
2021-05-19,25,29.0,-13.8,
2021-05-20,28,29.0,-3.4,
2021-05-21,32,29.0,10.4,
2021-05-22,30,29.0,3.5,
2021-05-23,33,29.0,13.9,
2021-05-24,36,29.0,24.2,
2021-05-25,21,29.0,-27.6,
2021-05-26,25,29.0,-13.8,
2021-05-27,26,29.0,-10.3,
2021-05-28,33,29.0,13.9,
2021-05-29,33,29.0,13.9,
2021-05-30,26,29.0,-10.3,
2021-05-31,23,29.0,-20.7,
2021-06-01,26,29.0,-10.3,
2021-06-02,30,29.0,3.5,
2021-06-03,36,29.0,24.2,
2021-06-04,35,29.0,20.8,
2021-06-05,26,29.0,-10.3,
2021-06-06,38,29.0,31.1,
2021-06-07,33,29.0,13.9,
2021-06-08,31,29.0,6.9,
2021-06-09,35,29.0,20.8,
2021-06-10,44,29.0,51.8,
2021-06-11,35,29.0,20.8,
2021-06-12,36,29.0,24.2,
2021-06-13,37,29.0,27.6,
2021-06-14,33,29.0,13.9,
2021-06-15,32,29.0,10.4,
2021-06-16,35,29.0,20.8,
2021-06-17,21,29.0,-27.6,
2021-06-18,30,29.0,3.5,
2021-06-19,29,29.0,0.0,
2021-06-20,32,29.0,10.4,
2021-06-21,20,29.0,-31.0,
2021-06-22,36,29.0,24.2,
2021-06-23,24,29.0,-17.2,
2021-06-24,23,29.0,-20.7,
2021-06-25,28,29.0,-3.4,
2021-06-26,37,29.0,27.6,
2021-06-27,20,29.0,-31.0,
2021-06-28,37,29.0,27.6,
2021-06-29,27,29.0,-6.8,
2021-06-30,23,29.0,-20.7,
2021-07-01,33,29.0,13.9,
2021-07-02,26,29.0,-10.3,
2021-07-03,27,29.0,-6.8,
2021-07-04,24,29.0,-17.2,
2021-07-05,26,29.0,-10.3,
2021-07-06,38,29.0,31.1,
2021-07-07,31,29.0,6.9,
2021-07-08,30,29.0,3.5,
2021-07-09,26,29.0,-10.3,
2021-07-10,38,29.0,31.1,
2021-07-11,31,29.0,6.9,
2021-07-12,33,29.0,13.9,
2021-07-13,29,29.0,0.0,
2021-07-14,24,29.0,-17.2,
2021-07-15,37,29.0,27.6,
2021-07-16,33,29.0,13.9,
2021-07-17,30,29.0,3.5,
2021-07-18,25,29.0,-13.8,
2021-07-19,21,29.0,-27.6,
2021-07-20,30,29.0,3.5,
2021-07-21,33,29.0,13.9,
2021-07-22,32,29.0,10.4,
2021-07-23,22,29.0,-24.1,
2021-07-24,33,29.0,13.9,
2021-07-25,17,29.0,-41.3,
2021-07-26,23,29.0,-20.7,
2021-07-27,36,29.0,24.2,
2021-07-28,36,29.0,24.2,
2021-07-29,29,29.0,0.0,
2021-07-30,24,29.0,-17.2,
2021-07-31,23,29.0,-20.7,
2021-08-01,27,29.0,-6.8,
2021-08-02,20,29.0,-31.0,
2021-08-03,32,29.0,10.4,
2021-08-04,24,29.0,-17.2,
2021-08-05,25,29.0,-13.8,
2021-08-06,35,29.0,20.8,
2021-08-07,23,29.0,-20.7,
2021-08-08,22,29.0,-24.1,
2021-08-09,32,29.0,10.4,
2021-08-10,32,29.0,10.4,
2021-08-11,32,29.0,10.4,
2021-08-12,38,29.0,31.1,
2021-08-13,34,29.0,17.3,
2021-08-14,22,29.0,-24.1,
2021-08-15,35,29.0,20.8,
2021-08-16,17,29.0,-41.3,
2021-08-17,30,29.0,3.5,
2021-08-18,33,29.0,13.9,
2021-08-19,31,29.0,6.9,
2021-08-20,32,29.0,10.4,
2021-08-21,34,29.0,17.3,
2021-08-22,40,29.0,38.0,
2021-08-23,15,29.0,-48.3,
2021-08-24,26,29.0,-10.3,
2021-08-25,39,29.0,34.5,
2021-08-26,33,29.0,13.9,
2021-08-27,32,29.0,10.4,
2021-08-28,15,29.0,-48.3,
2021-08-29,29,29.0,0.0,
2021-08-30,28,29.0,-3.4,
2021-08-31,27,29.0,-6.8,
2021-09-01,38,29.0,31.1,
2021-09-02,40,29.0,38.0,
2021-09-03,28,29.0,-3.4,
2021-09-04,33,29.0,13.9,
2021-09-05,34,29.0,17.3,
2021-09-06,24,29.0,-17.2,
2021-09-07,34,29.0,17.3,
2021-09-08,27,29.0,-6.8,
2021-09-09,30,29.0,3.5,
2021-09-10,35,29.0,20.8,
2021-09-11,27,29.0,-6.8,
2021-09-12,32,29.0,10.4,
2021-09-13,27,29.0,-6.8,
2021-09-14,19,29.0,-34.4,
2021-09-15,35,29.0,20.8,
2021-09-16,32,29.0,10.4,
2021-09-17,27,29.0,-6.8,
2021-09-18,34,29.0,17.3,
2021-09-19,26,29.0,-10.3,
2021-09-20,36,29.0,24.2,
2021-09-21,29,29.0,0.0,
2021-09-22,31,29.0,6.9,
2021-09-23,24,29.0,-17.2,
2021-09-24,31,29.0,6.9,
2021-09-25,23,29.0,-20.7,
2021-09-26,33,29.0,13.9,
2021-09-27,27,29.0,-6.8,
2021-09-28,36,29.0,24.2,
2021-09-29,33,29.0,13.9,
2021-09-30,24,29.0,-17.2,
2021-10-01,32,29.0,10.4,
2021-10-02,32,29.0,10.4,
2021-10-03,31,29.0,6.9,
2021-10-04,35,29.0,20.8,
2021-10-05,22,29.0,-24.1,
2021-10-06,32,29.0,10.4,
2021-10-07,27,29.0,-6.8,
2021-10-08,27,29.0,-6.8,
2021-10-09,22,29.0,-24.1,
2021-10-10,37,29.0,27.6,
2021-10-11,31,29.0,6.9,
2021-10-12,33,29.0,13.9,
2021-10-13,30,29.0,3.5,
2021-10-14,28,29.0,-3.4,
2021-10-15,28,29.0,-3.4,
2021-10-16,29,29.0,0.0,
2021-10-17,27,29.0,-6.8,
2021-10-18,15,29.0,-48.3,
2021-10-19,27,29.0,-6.8,
2021-10-20,34,29.0,17.3,
2021-10-21,23,29.0,-20.7,
2021-10-22,31,29.0,6.9,
2021-10-23,29,29.0,0.0,
2021-10-24,25,29.0,-13.8,
2021-10-25,29,29.0,0.0,
2021-10-26,25,29.0,-13.8,
2021-10-27,20,29.0,-31.0,
2021-10-28,25,29.0,-13.8,
2021-10-29,34,29.0,17.3,
2021-10-30,25,29.0,-13.8,
2021-10-31,44,29.0,51.8,
2021-11-01,32,29.0,10.4,
2021-11-02,33,29.0,13.9,
2021-11-03,19,29.0,-34.4,
2021-11-04,28,29.0,-3.4,
2021-11-05,36,29.0,24.2,
2021-11-06,39,29.0,34.5,
2021-11-07,24,29.0,-17.2,
2021-11-08,29,29.0,0.0,
2021-11-09,29,29.0,0.0,
2021-11-10,27,29.0,-6.8,
2021-11-11,29,29.0,0.0,
2021-11-12,27,29.0,-6.8,
2021-11-13,27,29.0,-6.8,
2021-11-14,35,29.0,20.8,
2021-11-15,23,29.0,-20.7,
2021-11-16,26,29.0,-10.3,
2021-11-17,34,29.0,17.3,
2021-11-18,28,29.0,-3.4,
2021-11-19,27,29.0,-6.8,
2021-11-20,29,29.0,0.0,
2021-11-21,31,29.0,6.9,
2021-11-22,26,29.0,-10.3,
2021-11-23,26,29.0,-10.3,
2021-11-24,24,29.0,-17.2,
2021-11-25,28,29.0,-3.4,
2021-11-26,33,29.0,13.9,
2021-11-27,28,29.0,-3.4,
2021-11-28,35,29.0,20.8,
2021-11-29,36,29.0,24.2,
2021-11-30,19,29.0,-34.4,
2021-12-01,28,29.0,-3.4,
2021-12-02,24,29.0,-17.2,
2021-12-03,23,29.0,-20.7,
2021-12-04,26,29.0,-10.3,
2021-12-05,27,29.0,-6.8,
2021-12-06,27,29.0,-6.8,
2021-12-07,26,29.0,-10.3,
2021-12-08,26,29.0,-10.3,
2021-12-09,25,29.0,-13.8,
2021-12-10,25,29.0,-13.8,
2021-12-11,40,29.0,38.0,
2021-12-12,35,29.0,20.8,
2021-12-13,27,29.0,-6.8,
2021-12-14,33,29.0,13.9,
2021-12-15,27,29.0,-6.8,
2021-12-16,29,29.0,0.0,
2021-12-17,30,29.0,3.5,
2021-12-18,25,29.0,-13.8,
2021-12-19,23,29.0,-20.7,
2021-12-20,38,29.0,31.1,
2021-12-21,31,29.0,6.9,
2021-12-22,26,29.0,-10.3,
2021-12-23,31,29.0,6.9,
2021-12-24,30,29.0,3.5,
2021-12-25,19,29.0,-34.4,
2021-12-26,24,29.0,-17.2,
2021-12-27,21,29.0,-27.6,
2021-12-28,40,29.0,38.0,
2021-12-29,25,29.0,-13.8,
2021-12-30,17,29.0,-41.3,
2021-12-31,21,29.0,-27.6,
2022-01-01,26,29.0,-10.3,
2022-01-02,34,29.0,17.3,
2022-01-03,29,29.0,0.0,
2022-01-04,18,29.0,-37.9,
2022-01-05,25,29.0,-13.8,
2022-01-06,35,29.0,20.8,
2022-01-07,31,29.0,6.9,
2022-01-08,25,29.0,-13.8,
2022-01-09,27,29.0,-6.8,
2022-01-10,33,29.0,13.9,
2022-01-11,28,29.0,-3.4,
2022-01-12,22,29.0,-24.1,
2022-01-13,25,29.0,-13.8,
2022-01-14,30,29.0,3.5,
2022-01-15,25,29.0,-13.8,
2022-01-16,30,29.0,3.5,
2022-01-17,27,29.0,-6.8,
2022-01-18,23,29.0,-20.7,
2022-01-19,31,29.0,6.9,
2022-01-20,35,29.0,20.8,
2022-01-21,35,29.0,20.8,
2022-01-22,29,29.0,0.0,
2022-01-23,27,29.0,-6.8,
2022-01-24,25,29.0,-13.8,
2022-01-25,29,29.0,0.0,
2022-01-26,25,29.0,-13.8,
2022-01-27,27,29.0,-6.8,
2022-01-28,32,29.0,10.4,
2022-01-29,27,29.0,-6.8,
2022-01-30,27,29.0,-6.8,
2022-01-31,38,29.0,31.1,
2022-02-01,27,29.0,-6.8,
2022-02-02,25,29.0,-13.8,
2022-02-03,25,29.0,-13.8,
2022-02-04,30,29.0,3.5,
2022-02-05,31,29.0,6.9,
2022-02-06,29,29.0,0.0,
2022-02-07,31,29.0,6.9,
2022-02-08,29,29.0,0.0,
2022-02-09,33,29.0,13.9,
2022-02-10,33,29.0,13.9,
2022-02-11,34,29.0,17.3,
2022-02-12,24,29.0,-17.2,
2022-02-13,37,29.0,27.6,
2022-02-14,26,29.0,-10.3,
2022-02-15,21,29.0,-27.6,
2022-02-16,33,29.0,13.9,
2022-02-17,25,29.0,-13.8,
2022-02-18,32,29.0,10.4,
2022-02-19,30,29.0,3.5,
2022-02-20,20,29.0,-31.0,
2022-02-21,25,29.0,-13.8,
2022-02-22,38,29.0,31.1,
2022-02-23,21,29.0,-27.6,
2022-02-24,27,29.0,-6.8,
2022-02-25,24,29.0,-17.2,
2022-02-26,36,29.0,24.2,
2022-02-27,31,29.0,6.9,
2022-02-28,27,29.0,-6.8,
2022-03-01,35,29.0,20.8,
2022-03-02,31,29.0,6.9,
2022-03-03,35,29.0,20.8,
2022-03-04,23,29.0,-20.7,
2022-03-05,30,29.0,3.5,
2022-03-06,35,29.0,20.8,
2022-03-07,30,29.0,3.5,
2022-03-08,23,29.0,-20.7,
2022-03-09,31,29.0,6.9,
2022-03-10,26,29.0,-10.3,
2022-03-11,34,29.0,17.3,
2022-03-12,25,29.0,-13.8,
2022-03-13,28,29.0,-3.4,
2022-03-14,37,29.0,27.6,
2022-03-15,34,29.0,17.3,
2022-03-16,25,29.0,-13.8,
2022-03-17,28,29.0,-3.4,
2022-03-18,22,29.0,-24.1,
2022-03-19,29,29.0,0.0,
2022-03-20,29,29.0,0.0,
2022-03-21,33,29.0,13.9,
2022-03-22,41,29.0,41.4,
2022-03-23,27,29.0,-6.8,
2022-03-24,28,29.0,-3.4,
2022-03-25,21,29.0,-27.6,
2022-03-26,33,29.0,13.9,
2022-03-27,34,29.0,17.3,
2022-03-28,17,29.0,-41.3,
2022-03-29,49,29.0,69.0,
2022-03-30,29,29.0,0.0,
2022-03-31,22,29.0,-24.1,
2022-04-01,28,29.0,-3.4,
2022-04-02,31,29.0,6.9,
2022-04-03,22,29.0,-24.1,
2022-04-04,28,29.0,-3.4,
2022-04-05,29,29.0,0.0,
2022-04-06,37,29.0,27.6,
2022-04-07,35,29.0,20.8,
2022-04-08,31,29.0,6.9,
2022-04-09,28,29.0,-3.4,
2022-04-10,27,29.0,-6.8,
2022-04-11,28,29.0,-3.4,
2022-04-12,34,29.0,17.3,
2022-04-13,43,29.0,48.4,
2022-04-14,36,29.0,24.2,
2022-04-15,26,29.0,-10.3,
2022-04-16,21,29.0,-27.6,
2022-04-17,34,29.0,17.3,
2022-04-18,38,29.0,31.1,
2022-04-19,35,29.0,20.8,
2022-04-20,25,29.0,-13.8,
2022-04-21,18,29.0,-37.9,
2022-04-22,28,29.0,-3.4,
2022-04-23,24,29.0,-17.2,
2022-04-24,21,29.0,-27.6,
2022-04-25,34,29.0,17.3,
2022-04-26,23,29.0,-20.7,
2022-04-27,30,29.0,3.5,
2022-04-28,36,29.0,24.2,
2022-04-29,28,29.0,-3.4,
2022-04-30,25,29.0,-13.8,
2022-05-01,29,29.0,0.0,
2022-05-02,30,29.0,3.5,
2022-05-03,32,29.0,10.4,
2022-05-04,30,29.0,3.5,
2022-05-05,29,29.0,0.0,
2022-05-06,33,29.0,13.9,
2022-05-07,24,29.0,-17.2,
2022-05-08,32,29.0,10.4,
2022-05-09,34,29.0,17.3,
2022-05-10,33,29.0,13.9,
2022-05-11,23,29.0,-20.7,
2022-05-12,24,29.0,-17.2,
2022-05-13,34,29.0,17.3,
2022-05-14,35,29.0,20.8,
2022-05-15,27,29.0,-6.8,
2022-05-16,25,29.0,-13.8,
2022-05-17,25,29.0,-13.8,
2022-05-18,26,29.0,-10.3,
2022-05-19,39,29.0,34.5,
2022-05-20,36,29.0,24.2,
2022-05-21,26,29.0,-10.3,
2022-05-22,21,29.0,-27.6,
2022-05-23,39,29.0,34.5,
2022-05-24,29,29.0,0.0,
2022-05-25,29,29.0,0.0,
2022-05-26,22,29.0,-24.1,
2022-05-27,27,29.0,-6.8,
2022-05-28,22,29.0,-24.1,
2022-05-29,25,29.0,-13.8,
2022-05-30,34,29.0,17.3,
2022-05-31,29,29.0,0.0,
2022-06-01,32,29.0,10.4,
2022-06-02,34,29.0,17.3,
2022-06-03,29,29.0,0.0,
2022-06-04,35,29.0,20.8,
2022-06-05,31,29.0,6.9,
2022-06-06,27,29.0,-6.8,
2022-06-07,40,29.0,38.0,
2022-06-08,26,29.0,-10.3,
2022-06-09,29,29.0,0.0,
2022-06-10,25,29.0,-13.8,
2022-06-11,37,29.0,27.6,
2022-06-12,36,29.0,24.2,
2022-06-13,34,29.0,17.3,
2022-06-14,31,29.0,6.9,
2022-06-15,31,29.0,6.9,
2022-06-16,37,29.0,27.6,
2022-06-17,33,29.0,13.9,
2022-06-18,28,29.0,-3.4,
2022-06-19,27,29.0,-6.8,
2022-06-20,25,29.0,-13.8,
2022-06-21,24,29.0,-17.2,
2022-06-22,24,29.0,-17.2,
2022-06-23,36,29.0,24.2,
2022-06-24,30,29.0,3.5,
2022-06-25,36,29.0,24.2,
2022-06-26,22,29.0,-24.1,
2022-06-27,27,29.0,-6.8,
2022-06-28,31,29.0,6.9,
2022-06-29,31,29.0,6.9,
2022-06-30,37,29.0,27.6,
2022-07-01,27,29.0,-6.8,
2022-07-02,28,29.0,-3.4,
2022-07-03,39,29.0,34.5,
2022-07-04,43,29.0,48.4,
2022-07-05,27,29.0,-6.8,
2022-07-06,23,29.0,-20.7,
2022-07-07,37,29.0,27.6,
2022-07-08,22,29.0,-24.1,
2022-07-09,27,29.0,-6.8,
2022-07-10,29,29.0,0.0,
2022-07-11,28,29.0,-3.4,
2022-07-12,34,29.0,17.3,
2022-07-13,32,29.0,10.4,
2022-07-14,38,29.0,31.1,
2022-07-15,33,29.0,13.9,
2022-07-16,28,29.0,-3.4,
2022-07-17,35,29.0,20.8,
2022-07-18,32,29.0,10.4,
2022-07-19,28,29.0,-3.4,
2022-07-20,31,29.0,6.9,
2022-07-21,36,29.0,24.2,
2022-07-22,31,29.0,6.9,
2022-07-23,36,29.0,24.2,
2022-07-24,29,29.0,0.0,
2022-07-25,33,29.0,13.9,
2022-07-26,27,29.0,-6.8,
2022-07-27,29,29.0,0.0,
2022-07-28,36,29.0,24.2,
2022-07-29,22,29.0,-24.1,
2022-07-30,20,29.0,-31.0,
2022-07-31,26,29.0,-10.3,
2022-08-01,20,29.0,-31.0,
2022-08-02,30,29.0,3.5,
2022-08-03,26,29.0,-10.3,
2022-08-04,39,29.0,34.5,
2022-08-05,34,29.0,17.3,
2022-08-06,31,29.0,6.9,
2022-08-07,24,29.0,-17.2,
2022-08-08,24,29.0,-17.2,
2022-08-09,30,29.0,3.5,
2022-08-10,26,29.0,-10.3,
2022-08-11,40,29.0,38.0,
2022-08-12,37,29.0,27.6,
2022-08-13,36,29.0,24.2,
2022-08-14,25,29.0,-13.8,
2022-08-15,38,29.0,31.1,
2022-08-16,16,29.0,-44.8,
2022-08-17,26,29.0,-10.3,
2022-08-18,24,29.0,-17.2,
2022-08-19,30,29.0,3.5,
2022-08-20,31,29.0,6.9,
2022-08-21,22,29.0,-24.1,
2022-08-22,26,29.0,-10.3,
2022-08-23,29,29.0,0.0,
2022-08-24,37,29.0,27.6,
2022-08-25,31,29.0,6.9,
2022-08-26,21,29.0,-27.6,
2022-08-27,34,29.0,17.3,
2022-08-28,23,29.0,-20.7,
2022-08-29,20,29.0,-31.0,
2022-08-30,38,29.0,31.1,
2022-08-31,34,29.0,17.3,
2022-09-01,30,29.0,3.5,
2022-09-02,27,29.0,-6.8,
2022-09-03,31,29.0,6.9,
2022-09-04,21,29.0,-27.6,
2022-09-05,34,29.0,17.3,
2022-09-06,27,29.0,-6.8,
2022-09-07,37,29.0,27.6,
2022-09-08,34,29.0,17.3,
2022-09-09,27,29.0,-6.8,
2022-09-10,32,29.0,10.4,
2022-09-11,26,29.0,-10.3,
2022-09-12,31,29.0,6.9,
2022-09-13,22,29.0,-24.1,
2022-09-14,32,29.0,10.4,
2022-09-15,25,29.0,-13.8,
2022-09-16,30,29.0,3.5,
2022-09-17,23,29.0,-20.7,
2022-09-18,37,29.0,27.6,
2022-09-19,23,29.0,-20.7,
2022-09-20,26,29.0,-10.3,
2022-09-21,32,29.0,10.4,
2022-09-22,25,29.0,-13.8,
2022-09-23,30,29.0,3.5,
2022-09-24,19,29.0,-34.4,
2022-09-25,21,29.0,-27.6,
2022-09-26,23,29.0,-20.7,
2022-09-27,35,29.0,20.8,
2022-09-28,30,29.0,3.5,
2022-09-29,27,29.0,-6.8,
2022-09-30,24,29.0,-17.2,
2022-10-01,23,29.0,-20.7,
2022-10-02,31,29.0,6.9,
2022-10-03,28,29.0,-3.4,
2022-10-04,34,29.0,17.3,
2022-10-05,35,29.0,20.8,
2022-10-06,21,29.0,-27.6,
2022-10-07,32,29.0,10.4,
2022-10-08,24,29.0,-17.2,
2022-10-09,29,29.0,0.0,
2022-10-10,30,29.0,3.5,
2022-10-11,38,29.0,31.1,
2022-10-12,20,29.0,-31.0,
2022-10-13,31,29.0,6.9,
2022-10-14,29,29.0,0.0,
2022-10-15,24,29.0,-17.2,
2022-10-16,26,29.0,-10.3,
2022-10-17,34,29.0,17.3,
2022-10-18,31,29.0,6.9,
2022-10-19,37,29.0,27.6,
2022-10-20,24,29.0,-17.2,
2022-10-21,26,29.0,-10.3,
2022-10-22,38,29.0,31.1,
2022-10-23,34,29.0,17.3,
2022-10-24,23,29.0,-20.7,
2022-10-25,34,29.0,17.3,
2022-10-26,23,29.0,-20.7,
2022-10-27,26,29.0,-10.3,
2022-10-28,28,29.0,-3.4,
2022-10-29,25,29.0,-13.8,
2022-10-30,25,29.0,-13.8,
2022-10-31,32,29.0,10.4,
2022-11-01,31,29.0,6.9,
2022-11-02,25,29.0,-13.8,
2022-11-03,25,29.0,-13.8,
2022-11-04,21,29.0,-27.6,
2022-11-05,29,29.0,0.0,
2022-11-06,23,29.0,-20.7,
2022-11-07,34,29.0,17.3,
2022-11-08,30,29.0,3.5,
2022-11-09,42,29.0,44.9,
2022-11-10,41,29.0,41.4,
2022-11-11,40,29.0,38.0,
2022-11-12,36,29.0,24.2,
2022-11-13,37,29.0,27.6,
2022-11-14,29,29.0,0.0,
2022-11-15,35,29.0,20.8,
2022-11-16,30,29.0,3.5,
2022-11-17,37,29.0,27.6,
2022-11-18,30,29.0,3.5,
2022-11-19,30,29.0,3.5,
2022-11-20,24,29.0,-17.2,
2022-11-21,22,29.0,-24.1,
2022-11-22,38,29.0,31.1,
2022-11-23,30,29.0,3.5,
2022-11-24,21,29.0,-27.6,
2022-11-25,26,29.0,-10.3,
2022-11-26,35,29.0,20.8,
2022-11-27,30,29.0,3.5,
2022-11-28,28,29.0,-3.4,
2022-11-29,35,29.0,20.8,
2022-11-30,23,29.0,-20.7,
2022-12-01,34,29.0,17.3,
2022-12-02,23,29.0,-20.7,
2022-12-03,20,29.0,-31.0,
2022-12-04,25,29.0,-13.8,
2022-12-05,19,29.0,-34.4,
2022-12-06,31,29.0,6.9,
2022-12-07,20,29.0,-31.0,
2022-12-08,28,29.0,-3.4,
2022-12-09,37,29.0,27.6,
2022-12-10,26,29.0,-10.3,
2022-12-11,24,29.0,-17.2,
2022-12-12,39,29.0,34.5,
2022-12-13,43,29.0,48.4,
2022-12-14,34,29.0,17.3,
2022-12-15,29,29.0,0.0,
2022-12-16,31,29.0,6.9,
2022-12-17,33,29.0,13.9,
2022-12-18,33,29.0,13.9,
2022-12-19,36,29.0,24.2,
2022-12-20,29,29.0,0.0,
2022-12-21,21,29.0,-27.6,
2022-12-22,29,29.0,0.0,
2022-12-23,29,29.0,0.0,
2022-12-24,23,29.0,-20.7,
2022-12-25,32,29.0,10.4,
2022-12-26,30,29.0,3.5,
2022-12-27,29,29.0,0.0,
2022-12-28,26,29.0,-10.3,
2022-12-29,25,29.0,-13.8,
2022-12-30,33,29.0,13.9,
2022-12-31,27,29.0,-6.8,
2023-01-01,26,29.0,-10.3,
2023-01-02,18,29.0,-37.9,
2023-01-03,27,29.0,-6.8,
2023-01-04,20,29.0,-31.0,
2023-01-05,31,29.0,6.9,
2023-01-06,27,29.0,-6.8,
2023-01-07,25,29.0,-13.8,
2023-01-08,25,29.0,-13.8,
2023-01-09,29,29.0,0.0,
2023-01-10,32,29.0,10.4,
2023-01-11,18,29.0,-37.9,
2023-01-12,27,29.0,-6.8,
2023-01-13,24,29.0,-17.2,
2023-01-14,16,29.0,-44.8,
2023-01-15,32,29.0,10.4,
2023-01-16,24,29.0,-17.2,
2023-01-17,30,29.0,3.5,
2023-01-18,23,29.0,-20.7,
2023-01-19,17,29.0,-41.3,
2023-01-20,25,29.0,-13.8,
2023-01-21,22,29.0,-24.1,
2023-01-22,29,29.0,0.0,
2023-01-23,34,29.0,17.3,
2023-01-24,32,29.0,10.4,
2023-01-25,25,29.0,-13.8,
2023-01-26,27,29.0,-6.8,
2023-01-27,27,29.0,-6.8,
2023-01-28,38,29.0,31.1,
2023-01-29,33,29.0,13.9,
2023-01-30,33,29.0,13.9,
2023-01-31,22,29.0,-24.1,
2023-02-01,29,29.0,0.0,
2023-02-02,31,29.0,6.9,
2023-02-03,25,29.0,-13.8,
2023-02-04,34,29.0,17.3,
2023-02-05,24,29.0,-17.2,
2023-02-06,31,29.0,6.9,
2023-02-07,25,29.0,-13.8,
2023-02-08,39,29.0,34.5,
2023-02-09,29,29.0,0.0,
2023-02-10,27,29.0,-6.8,
2023-02-11,26,29.0,-10.3,
2023-02-12,25,29.0,-13.8,
2023-02-13,29,29.0,0.0,
2023-02-14,26,29.0,-10.3,
2023-02-15,23,29.0,-20.7,
2023-02-16,30,29.0,3.5,
2023-02-17,37,29.0,27.6,
2023-02-18,33,29.0,13.9,
2023-02-19,25,29.0,-13.8,
2023-02-20,38,29.0,31.1,
2023-02-21,21,29.0,-27.6,
2023-02-22,36,29.0,24.2,
2023-02-23,26,29.0,-10.3,
2023-02-24,32,29.0,10.4,
2023-02-25,29,29.0,0.0,
2023-02-26,22,29.0,-24.1,
2023-02-27,30,29.0,3.5,
2023-02-28,23,29.0,-20.7,
2023-03-01,29,29.0,0.0,
2023-03-02,20,29.0,-31.0,
2023-03-03,19,29.0,-34.4,
2023-03-04,22,29.0,-24.1,
2023-03-05,24,29.0,-17.2,
2023-03-06,28,29.0,-3.4,
2023-03-07,27,29.0,-6.8,
2023-03-08,26,29.0,-10.3,
2023-03-09,32,29.0,10.4,
2023-03-10,36,29.0,24.2,
2023-03-11,37,29.0,27.6,
2023-03-12,35,29.0,20.8,
2023-03-13,40,29.0,38.0,
2023-03-14,27,29.0,-6.8,
2023-03-15,29,29.0,0.0,
2023-03-16,31,29.0,6.9,
2023-03-17,37,29.0,27.6,
2023-03-18,42,29.0,44.9,
2023-03-19,29,29.0,0.0,
2023-03-20,30,29.0,3.5,
2023-03-21,31,29.0,6.9,
2023-03-22,24,29.0,-17.2,
2023-03-23,33,29.0,13.9,
2023-03-24,38,29.0,31.1,
2023-03-25,27,29.0,-6.8,
2023-03-26,26,29.0,-10.3,
2023-03-27,48,29.0,65.6,
2023-03-28,35,29.0,20.8,
2023-03-29,18,29.0,-37.9,
2023-03-30,31,29.0,6.9,
2023-03-31,30,29.0,3.5,
2023-04-01,33,29.0,13.9,
2023-04-02,31,29.0,6.9,
2023-04-03,29,29.0,0.0,
2023-04-04,18,29.0,-37.9,
2023-04-05,26,29.0,-10.3,
2023-04-06,16,29.0,-44.8,
2023-04-07,32,29.0,10.4,
2023-04-08,33,29.0,13.9,
2023-04-09,22,29.0,-24.1,
2023-04-10,23,29.0,-20.7,
2023-04-11,30,29.0,3.5,
2023-04-12,29,29.0,0.0,
2023-04-13,35,29.0,20.8,
2023-04-14,24,29.0,-17.2,
2023-04-15,26,29.0,-10.3,
2023-04-16,40,29.0,38.0,
2023-04-17,29,29.0,0.0,
2023-04-18,35,29.0,20.8,
2023-04-19,26,29.0,-10.3,
2023-04-20,21,29.0,-27.6,
2023-04-21,28,29.0,-3.4,
2023-04-22,34,29.0,17.3,
2023-04-23,21,29.0,-27.6,
2023-04-24,29,29.0,0.0,
2023-04-25,30,29.0,3.5,
2023-04-26,21,29.0,-27.6,
2023-04-27,33,29.0,13.9,
2023-04-28,28,29.0,-3.4,
2023-04-29,31,29.0,6.9,
2023-04-30,31,29.0,6.9,
2023-05-01,35,29.0,20.8,
2023-05-02,28,29.0,-3.4,
2023-05-03,25,29.0,-13.8,
2023-05-04,32,29.0,10.4,
2023-05-05,32,29.0,10.4,
2023-05-06,22,29.0,-24.1,
2023-05-07,24,29.0,-17.2,
2023-05-08,29,29.0,0.0,
2023-05-09,31,29.0,6.9,
2023-05-10,25,29.0,-13.8,
2023-05-11,22,29.0,-24.1,
2023-05-12,31,29.0,6.9,
2023-05-13,26,29.0,-10.3,
2023-05-14,29,29.0,0.0,
2023-05-15,19,29.0,-34.4,
2023-05-16,33,29.0,13.9,
2023-05-17,32,29.0,10.4,
2023-05-18,30,29.0,3.5,
2023-05-19,35,29.0,20.8,
2023-05-20,28,29.0,-3.4,
2023-05-21,27,29.0,-6.8,
2023-05-22,33,29.0,13.9,
2023-05-23,30,29.0,3.5,
2023-05-24,27,29.0,-6.8,
2023-05-25,33,29.0,13.9,
2023-05-26,33,29.0,13.9,
2023-05-27,32,29.0,10.4,
2023-05-28,25,29.0,-13.8,
2023-05-29,42,29.0,44.9,
2023-05-30,31,29.0,6.9,
2023-05-31,24,29.0,-17.2,
2023-06-01,28,29.0,-3.4,
2023-06-02,24,29.0,-17.2,
2023-06-03,24,29.0,-17.2,
2023-06-04,26,29.0,-10.3,
2023-06-05,33,29.0,13.9,
2023-06-06,27,29.0,-6.8,
2023-06-07,24,29.0,-17.2,
2023-06-08,22,29.0,-24.1,
2023-06-09,30,29.0,3.5,
2023-06-10,39,29.0,34.5,
2023-06-11,29,29.0,0.0,
2023-06-12,33,29.0,13.9,
2023-06-13,33,29.0,13.9,
2023-06-14,34,29.0,17.3,
2023-06-15,24,29.0,-17.2,
2023-06-16,25,29.0,-13.8,
2023-06-17,32,29.0,10.4,
2023-06-18,21,29.0,-27.6,
2023-06-19,31,29.0,6.9,
2023-06-20,31,29.0,6.9,
2023-06-21,29,29.0,0.0,
2023-06-22,16,29.0,-44.8,
2023-06-23,36,29.0,24.2,
2023-06-24,28,29.0,-3.4,
2023-06-25,42,29.0,44.9,
2023-06-26,29,29.0,0.0,
2023-06-27,26,29.0,-10.3,
2023-06-28,30,29.0,3.5,
2023-06-29,20,29.0,-31.0,
2023-06-30,33,29.0,13.9,
2023-07-01,28,29.0,-3.4,
2023-07-02,31,29.0,6.9,
2023-07-03,26,29.0,-10.3,
2023-07-04,29,29.0,0.0,
2023-07-05,30,29.0,3.5,
2023-07-06,29,29.0,0.0,
2023-07-07,39,29.0,34.5,
2023-07-08,20,29.0,-31.0,
2023-07-09,31,29.0,6.9,
2023-07-10,23,29.0,-20.7,
2023-07-11,22,29.0,-24.1,
2023-07-12,29,29.0,0.0,
2023-07-13,28,29.0,-3.4,
2023-07-14,24,29.0,-17.2,
2023-07-15,26,29.0,-10.3,
2023-07-16,37,29.0,27.6,
2023-07-17,24,29.0,-17.2,
2023-07-18,27,29.0,-6.8,
2023-07-19,39,29.0,34.5,
2023-07-20,29,29.0,0.0,
2023-07-21,36,29.0,24.2,
2023-07-22,28,29.0,-3.4,
2023-07-23,39,29.0,34.5,
2023-07-24,22,29.0,-24.1,
2023-07-25,30,29.0,3.5,
2023-07-26,34,29.0,17.3,
2023-07-27,20,29.0,-31.0,
2023-07-28,28,29.0,-3.4,
2023-07-29,35,29.0,20.8,
2023-07-30,20,29.0,-31.0,
2023-07-31,24,29.0,-17.2,
2023-08-01,31,29.0,6.9,
2023-08-02,20,29.0,-31.0,
2023-08-03,24,29.0,-17.2,
2023-08-04,32,29.0,10.4,
2023-08-05,33,29.0,13.9,
2023-08-06,29,29.0,0.0,
2023-08-07,30,29.0,3.5,
2023-08-08,39,29.0,34.5,
2023-08-09,27,29.0,-6.8,
2023-08-10,21,29.0,-27.6,
2023-08-11,32,29.0,10.4,
2023-08-12,34,29.0,17.3,
2023-08-13,36,29.0,24.2,
2023-08-14,21,29.0,-27.6,
2023-08-15,25,29.0,-13.8,
2023-08-16,28,29.0,-3.4,
2023-08-17,25,29.0,-13.8,
2023-08-18,33,29.0,13.9,
2023-08-19,33,29.0,13.9,
2023-08-20,30,29.0,3.5,
2023-08-21,23,29.0,-20.7,
2023-08-22,32,29.0,10.4,
2023-08-23,30,29.0,3.5,
2023-08-24,20,29.0,-31.0,
2023-08-25,28,29.0,-3.4,
2023-08-26,34,29.0,17.3,
2023-08-27,30,29.0,3.5,
2023-08-28,23,29.0,-20.7,
2023-08-29,29,29.0,0.0,
2023-08-30,35,29.0,20.8,
2023-08-31,37,29.0,27.6,
2023-09-01,25,29.0,-13.8,
2023-09-02,25,29.0,-13.8,
2023-09-03,18,29.0,-37.9,
2023-09-04,26,29.0,-10.3,
2023-09-05,40,29.0,38.0,
2023-09-06,33,29.0,13.9,
2023-09-07,32,29.0,10.4,
2023-09-08,26,29.0,-10.3,
2023-09-09,25,29.0,-13.8,
2023-09-10,27,29.0,-6.8,
2023-09-11,30,29.0,3.5,
2023-09-12,36,29.0,24.2,
2023-09-13,33,29.0,13.9,
2023-09-14,31,29.0,6.9,
2023-09-15,31,29.0,6.9,
2023-09-16,30,29.0,3.5,
2023-09-17,25,29.0,-13.8,
2023-09-18,26,29.0,-10.3,
2023-09-19,27,29.0,-6.8,
2023-09-20,29,29.0,0.0,
2023-09-21,31,29.0,6.9,
2023-09-22,26,29.0,-10.3,
2023-09-23,33,29.0,13.9,
2023-09-24,24,29.0,-17.2,
2023-09-25,26,29.0,-10.3,
2023-09-26,22,29.0,-24.1,
2023-09-27,31,29.0,6.9,
2023-09-28,24,29.0,-17.2,
2023-09-29,29,29.0,0.0,
2023-09-30,28,29.0,-3.4,
2023-10-01,32,29.0,10.4,
2023-10-02,26,29.0,-10.3,
2023-10-03,29,29.0,0.0,
2023-10-04,22,29.0,-24.1,
2023-10-05,38,29.0,31.1,
2023-10-06,26,29.0,-10.3,
2023-10-07,25,29.0,-13.8,
2023-10-08,28,29.0,-3.4,
2023-10-09,32,29.0,10.4,
2023-10-10,22,29.0,-24.1,
2023-10-11,16,29.0,-44.8,
